name,email,country,salary,experience
Audra Rosa,ridiculus@pede.ca,Indonesia,$66661,6
Driscoll Atkinson,eros@natoque.net,Congo (Brazzaville),$125560,14
Adria Gentry,neque.Nullam.ut@ultricesiaculis.edu,Ã…land Islands,$129744,10
Cadman Humphrey,vel@egestasblandit.org,Lebanon,$41162,2
Regan Herman,est.Nunc@vehiculaPellentesque.edu,Cameroon,$43308,44
Beau Farrell,sapien.Nunc.pulvinar@odio.ca,Malaysia,$47884,32
Jaden Campbell,malesuada.fames.ac@Phasellusdolorelit.co.uk,Finland,$78567,44
Chantale Harper,Nulla.eu.neque@dolorsit.com,Tokelau,$136027,11
Alika Welch,nec.mauris@erategetipsum.co.uk,Saint Vincent and The Grenadines,$139005,46
Ursa Munoz,dolor.dolor@velvenenatis.net,Romania,$88903,44
Elvis Franco,ut@adipiscinglacusUt.org,Bosnia and Herzegovina,$59509,24
Leslie Manning,sem.elit.pharetra@convallis.edu,Benin,$56724,21
Matthew Gay,sed.est@velit.edu,"Congo, the Democratic Republic of the",$33035,42
Hannah Sharp,convallis.in.cursus@anuncIn.net,Sao Tome and Principe,$33505,12
Destiny Shaw,interdum.enim.non@Maurisnulla.edu,Guinea-Bissau,$84375,29
Stacey Bradford,dictum.placerat.augue@pharetrased.org,Cameroon,$91398,0
Malcolm Walker,amet@eratsemperrutrum.net,"Korea, North",$102614,25
Jayme Berry,adipiscing@facilisi.ca,Sao Tome and Principe,$62762,14
Larissa Conley,ipsum.dolor.sit@necurna.net,Japan,$52322,26
Lisandra Hunter,nascetur@tacitisociosqu.net,Reunion,$82300,23
Kelly Hooper,tincidunt@congue.edu,Sri Lanka,$97132,35
Ciara Osborne,pharetra.Quisque.ac@natoque.org,Azerbaijan,$118883,39
Kibo Beard,Praesent.eu.nulla@pretium.co.uk,South Georgia and The South Sandwich Islands,$63138,15
Ingrid Oconnor,nibh.sit.amet@eteuismod.edu,Mongolia,$26234,43
Bradley Burt,amet.orci.Ut@mauris.ca,Sierra Leone,$134415,11
Hammett Henderson,id.blandit@nisiAenean.ca,Seychelles,$71246,7
Melinda Wilder,aliquet.lobortis.nisi@disparturient.edu,Tanzania,$58539,11
Britanney Haney,lorem.eget.mollis@accumsaninterdumlibero.edu,Philippines,$27690,49
Caryn Christensen,mus.Proin@cursusNunc.edu,Svalbard and Jan Mayen Islands,$32722,32
Jason Patton,Mauris@dignissimMaecenasornare.edu,Uganda,$73145,0
Michelle Burch,arcu.Morbi.sit@ornare.com,Oman,$114543,21
Regina Prince,vehicula@sedhendrerita.com,Kuwait,$108350,33
Wynne Ray,tortor@blanditmattis.edu,Honduras,$135250,31
Michael Langley,et.ultrices@ultricessit.edu,Saudi Arabia,$49358,10
Burke Floyd,Sed@malesuadaaugue.co.uk,Nepal,$102230,26
Erica Chen,metus.Aliquam@ipsum.edu,Lithuania,$116258,14
Hoyt Terrell,Sed.eu.nibh@luctuset.net,Uganda,$32383,37
Basia Washington,Morbi@etmalesuadafames.org,Lebanon,$105336,17
Randall Logan,lacus.Quisque@hendrerit.ca,Albania,$84124,7
Hyatt Hartman,vulputate.dui@lectusa.org,Brunei,$30278,18
Vivien Duncan,enim@elitdictum.co.uk,Pitcairn Islands,$90013,39
Jameson Christensen,libero.at.auctor@convallisconvallisdolor.net,Netherlands,$66378,2
Tucker Pratt,risus.Nunc@Crasdictum.co.uk,Tunisia,$136561,32
Jerome Mcbride,id@odio.net,Ghana,$43112,37
Zeus Velazquez,fermentum.fermentum.arcu@ipsumcursusvestibulum.org,Wallis and Futuna,$143453,45
Nasim Talley,ac.fermentum.vel@adipiscingfringillaporttitor.net,Croatia,$102855,21
Samson Lancaster,ipsum@Namac.org,United Arab Emirates,$37715,45
Keefe Lopez,dictum@diamvelarcu.org,Haiti,$88142,33
Clementine Kelly,ipsum.porta.elit@hendrerit.net,Greenland,$129678,20
Leo Booker,varius.et.euismod@dolorNulla.co.uk,Poland,$46283,1
Kessie Anthony,molestie@ettristiquepellentesque.ca,Comoros,$120410,38
Urielle Monroe,odio@ultrices.com,Israel,$88895,37
Lani Mclean,mattis@libero.com,Malawi,$27235,29
Elton Mays,Quisque.libero@blanditcongue.co.uk,Sudan,$54293,18
Xantha Norman,Vivamus@Donec.co.uk,Thailand,$53878,1
Howard Adams,dictum@ultricesposuere.ca,Comoros,$110370,9
Astra Warren,sem.ut.dolor@conubianostra.co.uk,Indonesia,$36214,36
Libby Lott,at.pretium@egetipsum.ca,Aruba,$30644,11
Burke Mills,amet.luctus@feugiattelluslorem.edu,Malaysia,$137629,7
Cade Clemons,consectetuer@ut.edu,Togo,$76928,48
Angela Rhodes,tellus.Aenean.egestas@arcu.org,"Korea, North",$143711,44
Hu Aguirre,ultrices@imperdiet.com,Argentina,$49318,11
Asher Kelley,ut@vehicula.edu,Western Sahara,$118957,0
Samantha Mcbride,Sed.et.libero@Utsemperpretium.org,Gambia,$35741,32
Hector Dominguez,erat.eget@Duiselementumdui.com,Monaco,$144856,12
Leigh Mckee,fringilla.euismod@sitamet.net,Faroe Islands,$148482,4
Mark Santiago,varius@ac.edu,Colombia,$135658,25
Libby Combs,ante.Nunc.mauris@et.net,Angola,$123138,36
Carly Payne,Donec.egestas@FuscemollisDuis.co.uk,Cyprus,$75987,9
Morgan Dennis,egestas@fames.ca,Libya,$93469,2
Kiayada Haney,pharetra@velsapienimperdiet.org,"Korea, South",$49801,0
Phelan Steele,et.magnis.dis@ac.org,Jersey,$41308,6
Mallory Lowe,ac@imperdietnec.ca,Pakistan,$85306,36
Bruno Flores,sodales@risus.ca,Madagascar,$70036,40
Moses Craft,facilisis.eget.ipsum@ac.org,Antigua and Barbuda,$56935,16
Emma Rodgers,vel.lectus@tempordiamdictum.co.uk,Greenland,$54115,25
Francis Valenzuela,metus@consequat.org,Kyrgyzstan,$85679,6
Xanthus Torres,dapibus.ligula@cursusin.org,Bulgaria,$48370,3
Odessa Berg,Lorem.ipsum@rhoncusidmollis.org,Germany,$55468,24
Sophia Foreman,nunc.interdum.feugiat@necmollisvitae.edu,South Sudan,$142211,0
Cheryl Powell,nec.tempus.mauris@ornaresagittis.ca,New Caledonia,$97164,10
Rhiannon Camacho,sem.egestas.blandit@elit.ca,Ukraine,$42064,23
Anika Ellison,faucibus@Nuncsollicitudincommodo.edu,Mozambique,$27284,42
Hedley Randall,Nam.ligula.elit@velitQuisquevarius.net,"Palestine, State of",$34965,9
Nichole Mercer,ipsum@dignissimMaecenasornare.com,Singapore,$66273,50
Elvis Stout,sem.mollis@mauriserateget.edu,France,$79852,47
Blossom Cole,placerat.orci.lacus@enim.org,Sri Lanka,$114056,40
Tanek Barrera,dapibus@Nulla.org,Micronesia,$61763,38
Christian Sharpe,nunc.interdum.feugiat@Donecat.co.uk,France,$140136,50
Thane Whitfield,ornare.lectus@sodaleseliterat.org,Turkey,$89993,43
Carolyn Shepherd,vestibulum.neque@sitametconsectetuer.ca,Andorra,$130971,39
Jolene Pierce,luctus.et@augueSed.co.uk,"Korea, South",$101386,3
Oprah Galloway,Proin.nisl@diam.net,Falkland Islands,$121595,44
Kellie Hoover,nec.urna@utaliquamiaculis.com,Syria,$144430,35
William Newman,consequat@blanditviverraDonec.ca,Iran,$69061,49
Jonah Cotton,ipsum.Donec@Proin.edu,Montserrat,$67952,42
Brock Merrill,velit@et.co.uk,Rwanda,$94933,45
Olympia Hess,dolor.Fusce@urnaVivamusmolestie.com,Equatorial Guinea,$113509,16
Yuli Wade,Nam.porttitor.scelerisque@In.edu,Turkey,$81818,5
Kelsey Parrish,varius@risusQuisquelibero.com,New Caledonia,$67574,42