name	email	country	salary	experience
Oliver Rocha	Vivamus@nonjusto.edu	Bahamas	$41012	19
Yoko Gould	felis.eget.varius@parturientmontes.edu	Saint Lucia	$69442	34
Hope Dillon	fames.ac.turpis@eleifendnecmalesuada.org	Bosnia and Herzegovina	$70071	46
Barrett Pierce	Aenean.euismod@afeugiattellus.org	Dominica	$129972	44
Gail Vasquez	luctus.et.ultrices@Nullasemper.net	Czech Republic	$137615	11
Jescie Kerr	risus.at@diam.co.uk	Isle of Man	$140375	5
Zenia Butler	imperdiet.ullamcorper@luctussitamet.com	Uganda	$132824	38
Kadeem Watson	Vivamus.molestie.dapibus@eu.net	Zambia	$114693	3
Melvin Trevino	convallis@tellus.ca	Papua New Guinea	$131461	20
Zenia Horne	enim@dapibus.edu	Colombia	$25596	17
Rudyard Carpenter	lacus.Etiam.bibendum@auctorvelitAliquam.net	Bulgaria	$40269	14
Quin Bennett	cursus.et.eros@tinciduntnibhPhasellus.co.uk	Kiribati	$46783	13
Holmes Marsh	dolor.sit@Nullafacilisis.ca	Cayman Islands	$108891	44
Rogan Aguilar	ipsum.ac@mi.com	Cape Verde	$143506	29
Dalton Cline	sed@massaMauris.com	Saint Vincent and The Grenadines	$72970	17
Caryn Alexander	euismod.ac.fermentum@lacusEtiam.ca	Heard Island and Mcdonald Islands	$76986	36
Aquila Rios	turpis.Aliquam@temporbibendumDonec.com	Korea, South	$32478	46
Shafira Donaldson	lorem@habitant.net	Algeria	$61300	6
Callum Nolan	sit.amet.massa@consequatlectussit.com	United States Minor Outlying Islands	$116181	28
Germaine Juarez	euismod.mauris.eu@aliquetdiamSed.edu	Guadeloupe	$105657	42
Ulla Williams	Praesent@diamdictum.com	Central African Republic	$69419	4
Aurelia Walton	viverra.Maecenas.iaculis@lectus.co.uk	Italy	$105617	14
Dane Lee	hendrerit.Donec.porttitor@Integersem.edu	Singapore	$31102	10
Cameran Palmer	tempus.risus.Donec@CuraePhasellus.org	Swaziland	$131574	33
Carolyn Floyd	et.commodo@nullaInteger.org	Bonaire, Sint Eustatius and Saba	$54041	25
Quincy Thornton	Vivamus.rhoncus.Donec@arcu.net	Greece	$29245	4
Meghan Mcneil	est.ac@enimcommodo.edu	Thailand	$70415	40
Graham Kidd	Morbi.neque.tellus@acliberonec.com	Qatar	$59065	11
Nadine Miles	enim@vitaeodio.org	Belize	$85332	32
Giacomo Frank	dictum.mi.ac@Nunc.org	Brunei	$36957	50
TaShya Livingston	quam.dignissim@id.ca	Svalbard and Jan Mayen Islands	$98491	1
Jesse Chapman	ultrices.Vivamus@anteipsumprimis.edu	Seychelles	$73845	25
Jaime Rich	a.mi@Quisqueornare.net	Gibraltar	$118880	29
Jermaine Glass	viverra.Maecenas@loremauctorquis.com	Saint Helena, Ascension and Tristan da Cunha	$74461	28
Macey Duffy	tempor.arcu.Vestibulum@sitamet.net	Malawi	$91018	2
Serena Morrison	sagittis@vel.ca	Uganda	$123487	13
Uma Conley	pellentesque.Sed@lacusAliquamrutrum.ca	Liechtenstein	$122174	45
Fiona Moreno	primis.in@maurisIntegersem.org	Western Sahara	$62984	23
Sydney Meyer	netus@egetnisi.edu	Guinea	$137955	19
Tasha West	lobortis@tellusloremeu.net	Puerto Rico	$132796	3
Shelby Flowers	eu@acnullaIn.edu	Sierra Leone	$69033	2
Yardley Christian	tincidunt@lorem.co.uk	Macedonia	$120295	14
Kieran Cruz	nunc.interdum@velitjustonec.ca	Trinidad and Tobago	$69191	35
Keane Lewis	dui@penatibus.ca	Grenada	$46309	32
Jade Pickett	cursus.diam.at@faucibusorciluctus.edu	Reunion	$79022	38
Wanda Simon	metus@tellusjustosit.ca	Poland	$78453	46
Erasmus Gardner	Cras.dictum@loremtristique.co.uk	Virgin Islands, United States	$86306	47
Mary Hebert	Quisque.ac@estvitae.co.uk	Eritrea	$40431	14
Cynthia Rodriguez	turpis.egestas@rhoncus.com	Isle of Man	$124040	19
Emma Eaton	gravida.sit.amet@est.ca	Netherlands	$95567	37
MacKenzie Mitchell	aliquam.eros@necmollis.co.uk	Reunion	$69086	21
Zena Bowen	vel.nisl@montesnascetur.co.uk	Equatorial Guinea	$80900	50
Denton Mcguire	sem@ametultriciessem.com	Dominican Republic	$69708	11
Baker Aguilar	nec.euismod@aliquetsemut.com	Botswana	$140145	8
Boris Caldwell	bibendum@leoCras.ca	Jordan	$133091	50
Alfreda Gamble	nascetur@dolorDonec.edu	Reunion	$130214	45
Whilemina Whitley	ut.cursus.luctus@euturpisNulla.ca	Azerbaijan	$133302	46
Tanner Mcclain	elementum.purus@Nulla.ca	New Caledonia	$51574	28
Quintessa Williams	Mauris.blandit.enim@orcisemeget.edu	Niue	$45936	20
Blaine Bean	pede@Quisquefringilla.org	Belgium	$93369	48
Athena Maddox	venenatis@FuscemollisDuis.org	Uganda	$124872	38
Ishmael Valenzuela	ornare@velvenenatisvel.com	Isle of Man	$53008	21
Mary Wiggins	egestas.lacinia.Sed@velvulputateeu.com	Angola	$91067	50
Drake Mueller	facilisi.Sed@estarcu.org	Marshall Islands	$25928	24
Acton Larsen	Duis@nunc.net	Bahamas	$81506	41
Orson Parker	et@lobortis.edu	Sudan	$134461	10
Charity Franco	elit@Nullaeget.com	Niue	$33955	48
Wynne Valencia	tellus.non@Nunc.net	Maldives	$42375	41
Leonard Murray	diam.Sed@Donecporttitor.net	Malta	$33194	19
Tara Lowery	Integer@ipsum.org	Iraq	$25986	28
Julie Leonard	Duis.sit.amet@lacus.co.uk	India	$135037	6
Alfreda Gomez	ligula.Donec@sitamet.edu	Saint Lucia	$145058	1
Cruz Little	eget.massa.Suspendisse@duilectus.edu	Brazil	$39668	28
Willow Tyler	tortor.at@laoreet.com	Malta	$79781	50
Jane Christensen	posuere.vulputate@nunc.ca	Wallis and Futuna	$33195	4
Bevis Santiago	ac@duiinsodales.co.uk	Sri Lanka	$87380	33
Simon Mills	eget.metus.eu@dolorsit.ca	Benin	$50858	36
Maisie Briggs	eu.nulla@idante.ca	Cape Verde	$56256	16
Astra Mckenzie	a@ac.ca	Heard Island and Mcdonald Islands	$35093	23
Yoshi Mayo	rutrum.eu.ultrices@rhoncus.net	Iceland	$126775	0
Quyn Hernandez	vulputate.dui.nec@morbitristiquesenectus.org	Laos	$131839	41
Jescie Martinez	augue.porttitor@pellentesqueafacilisis.edu	United States Minor Outlying Islands	$43246	23
Maite Hancock	sit@ultrices.co.uk	Albania	$121445	8
Brock Ellison	ut.odio.vel@facilisisegetipsum.ca	Cocos (Keeling) Islands	$145669	43
Louis Johns	amet.faucibus.ut@lobortis.net	Hungary	$106213	17
Galvin Chandler	mus.Aenean.eget@dapibusligula.com	Slovakia	$64666	8
Brenden Frederick	vulputate.ullamcorper.magna@orci.org	Papua New Guinea	$140519	10
Rebecca Gibbs	a@laoreet.org	Belize	$66084	25
Baxter Sampson	varius.ultrices.mauris@leoCras.net	Cayman Islands	$53463	29
Alice Galloway	urna.justo.faucibus@nisimagna.ca	Libya	$137807	14
Hammett Tillman	malesuada.vel.convallis@vel.ca	Tuvalu	$114774	18
Priscilla Pennington	eu.metus@egetdictum.co.uk	Comoros	$45694	45
Michelle Mcguire	tortor.at.risus@ut.org	Chad	$42382	50
Asher Harrison	inceptos@arcuvel.com	New Caledonia	$59041	41
Imani Mcconnell	eu@DonecestNunc.co.uk	Holy See (Vatican City State)	$127611	31
Elton Walters	nisl.Quisque.fringilla@pretiumaliquet.ca	Tunisia	$106645	18
Brent Ortiz	in.magna@maurisrhoncusid.net	Argentina	$139096	50
Barry Huber	pellentesque.Sed@justo.ca	Libya	$36543	11
Fallon Shaffer	diam@Ut.edu	Albania	$68754	4
Cheyenne Estes	nec.diam@enimMaurisquis.com	Solomon Islands	$66033	30